Fecha,fix
01/01/2020,18.8727
02/01/2020,18.8727
03/01/2020,18.8642
04/01/2020,18.8817
05/01/2020,18.8817
06/01/2020,18.8817
07/01/2020,18.8673
08/01/2020,18.8270
09/01/2020,18.8852
10/01/2020,18.7980
11/01/2020,18.8453
12/01/2020,18.8453
13/01/2020,18.8453
14/01/2020,18.7732
15/01/2020,18.8215
16/01/2020,18.8120
17/01/2020,18.8077
18/01/2020,18.7930
19/01/2020,18.7930
20/01/2020,18.7930
21/01/2020,18.7388
22/01/2020,18.6725
23/01/2020,18.7007
24/01/2020,18.6883
25/01/2020,18.8018
26/01/2020,18.8018
27/01/2020,18.8018
28/01/2020,18.8313
29/01/2020,18.9407
30/01/2020,18.8022
31/01/2020,18.7067
01/02/2020,18.7853
02/02/2020,18.7853
03/02/2020,18.7853
04/02/2020,18.7853
05/02/2020,18.9082
06/02/2020,18.6797
07/02/2020,18.6245
08/02/2020,18.6645
09/02/2020,18.6645
10/02/2020,18.6645
11/02/2020,18.7763
12/02/2020,18.7653
13/02/2020,18.6740
14/02/2020,18.6308
15/02/2020,18.6458
16/02/2020,18.6458
17/02/2020,18.6458
18/02/2020,18.5712
19/02/2020,18.5715
20/02/2020,18.5952
21/02/2020,18.5910
22/02/2020,18.7992
23/02/2020,18.7992
24/02/2020,18.7992
25/02/2020,18.9138
26/02/2020,19.1197
27/02/2020,19.0878
28/02/2020,19.1585
29/02/2020,19.3973
01/03/2020,19.3973
02/03/2020,19.3973
03/03/2020,19.7760
04/03/2020,19.6985
05/03/2020,19.2837
06/03/2020,19.5335
07/03/2020,19.8095
08/03/2020,19.8095
09/03/2020,19.8095
10/03/2020,20.1623
11/03/2020,21.1117
12/03/2020,21.0267
13/03/2020,21.2130
14/03/2020,22.1518
15/03/2020,22.1518
16/03/2020,22.1518
17/03/2020,22.1518
18/03/2020,21.9288
19/03/2020,23.0573
20/03/2020,23.9008
21/03/2020,24.0868
22/03/2020,24.0868
23/03/2020,24.0868
24/03/2020,24.1113
25/03/2020,25.0782
26/03/2020,25.1185
27/03/2020,24.2948
28/03/2020,23.0970
29/03/2020,23.0970
30/03/2020,23.0970
31/03/2020,23.5122
01/04/2020,24.2853
02/04/2020,23.4847
03/04/2020,24.4918
04/04/2020,24.1087
05/04/2020,24.1087
06/04/2020,24.1087
07/04/2020,24.6938
08/04/2020,24.6895
09/04/2020,24.0388
10/04/2020,24.0388
11/04/2020,24.0388
12/04/2020,24.0388
13/04/2020,24.0388
14/04/2020,24.0925
15/04/2020,23.7427
16/04/2020,23.5645
17/04/2020,24.1155
18/04/2020,24.2098
19/04/2020,24.2098
20/04/2020,24.2098
21/04/2020,23.9012
22/04/2020,24.0077
23/04/2020,24.4248
24/04/2020,24.5883
25/04/2020,24.6230
26/04/2020,24.6230
27/04/2020,24.6230
28/04/2020,24.8583
29/04/2020,24.8492
30/04/2020,24.3882
01/05/2020,24.0002
02/05/2020,24.0002
03/05/2020,24.0002
04/05/2020,24.0002
05/05/2020,23.9283
06/05/2020,24.3812
07/05/2020,23.8343
08/05/2020,24.2942
09/05/2020,24.0563
10/05/2020,24.0563
11/05/2020,24.0563
12/05/2020,23.6805
13/05/2020,23.8693
14/05/2020,24.0487
15/05/2020,24.2113
16/05/2020,24.2708
17/05/2020,24.2708
18/05/2020,24.2708
19/05/2020,23.9580
20/05/2020,23.6032
21/05/2020,23.6023
22/05/2020,23.2962
23/05/2020,22.9600
24/05/2020,22.9600
25/05/2020,22.9600
26/05/2020,22.7928
27/05/2020,22.5630
28/05/2020,22.2932
29/05/2020,22.3633
30/05/2020,22.2040
31/05/2020,22.2040
01/06/2020,22.2040
02/06/2020,22.1778
03/06/2020,22.0168
04/06/2020,21.6827
05/06/2020,21.6043
06/06/2020,21.8388
07/06/2020,21.8388
08/06/2020,21.8388
09/06/2020,21.5837
10/06/2020,21.6552
11/06/2020,21.7252
12/06/2020,21.9230
13/06/2020,22.4252
14/06/2020,22.4252
15/06/2020,22.4252
16/06/2020,22.3347
17/06/2020,22.5435
18/06/2020,22.2168
19/06/2020,22.2783
20/06/2020,22.6088
21/06/2020,22.6088
22/06/2020,22.6088
23/06/2020,22.6300
24/06/2020,22.4413
25/06/2020,22.4130
26/06/2020,22.6662
27/06/2020,22.7963
28/06/2020,22.7963
29/06/2020,22.7963
30/06/2020,22.9715
01/07/2020,23.1325
02/07/2020,23.0893
03/07/2020,22.8078
04/07/2020,22.5225
05/07/2020,22.5225
06/07/2020,22.5225
07/07/2020,22.4147
08/07/2020,22.2808
09/07/2020,22.6213
10/07/2020,22.8225
11/07/2020,22.6945
12/07/2020,22.6945
13/07/2020,22.6945
14/07/2020,22.5342
15/07/2020,22.4633
16/07/2020,22.6173
17/07/2020,22.3647
18/07/2020,22.3032
19/07/2020,22.3032
20/07/2020,22.3032
21/07/2020,22.4897
22/07/2020,22.6278
23/07/2020,22.3597
24/07/2020,22.2510
25/07/2020,22.3627
26/07/2020,22.3627
27/07/2020,22.3627
28/07/2020,22.3842
29/07/2020,22.0275
30/07/2020,21.9615
31/07/2020,21.9907
01/08/2020,22.1727
02/08/2020,22.1727
03/08/2020,22.1727
04/08/2020,22.2012
05/08/2020,22.6140
06/08/2020,22.7845
07/08/2020,22.4068
08/08/2020,22.3652
09/08/2020,22.3652
10/08/2020,22.3652
11/08/2020,22.4892
12/08/2020,22.4850
13/08/2020,22.3490
14/08/2020,22.3457
15/08/2020,22.2628
16/08/2020,22.2628
17/08/2020,22.2628
18/08/2020,22.0313
19/08/2020,22.0570
20/08/2020,22.1535
21/08/2020,22.0527
22/08/2020,22.1760
23/08/2020,22.1760
24/08/2020,22.1760
25/08/2020,22.0362
26/08/2020,21.9840
27/08/2020,21.9723
28/08/2020,21.9202
29/08/2020,22.1168
30/08/2020,22.1168
31/08/2020,22.1168
01/09/2020,21.8602
02/09/2020,21.8880
03/09/2020,21.7445
04/09/2020,21.8393
05/09/2020,21.6383
06/09/2020,21.6383
07/09/2020,21.6383
08/09/2020,21.6115
09/09/2020,21.5887
10/09/2020,21.7138
11/09/2020,21.5377
12/09/2020,21.2773
13/09/2020,21.2773
14/09/2020,21.2773
15/09/2020,21.3210
16/09/2020,21.0728
17/09/2020,21.0728
18/09/2020,21.0692
19/09/2020,20.9850
20/09/2020,20.9850
21/09/2020,20.9850
22/09/2020,20.9697
23/09/2020,21.5050
24/09/2020,21.5682
25/09/2020,22.0897
26/09/2020,22.3678
27/09/2020,22.3678
28/09/2020,22.3678
29/09/2020,22.4402
30/09/2020,22.4573
01/10/2020,22.3598
02/10/2020,22.1438
03/10/2020,21.9562
04/10/2020,21.9562
05/10/2020,21.9562
06/10/2020,21.7025
07/10/2020,21.3960
08/10/2020,21.4507
09/10/2020,21.4930
10/10/2020,21.4318
11/10/2020,21.4318
12/10/2020,21.4318
13/10/2020,21.1822
14/10/2020,21.2183
15/10/2020,21.3677
16/10/2020,21.2998
17/10/2020,21.3832
18/10/2020,21.3832
19/10/2020,21.3832
20/10/2020,21.1765
21/10/2020,21.1342
22/10/2020,21.0902
23/10/2020,21.0640
24/10/2020,21.0300
25/10/2020,21.0300
26/10/2020,21.0300
27/10/2020,20.9205
28/10/2020,20.9818
29/10/2020,20.8798
30/10/2020,21.1648
31/10/2020,21.3770
01/11/2020,21.3770
02/11/2020,21.3770
03/11/2020,21.3770
04/11/2020,21.2508
05/11/2020,21.1555
06/11/2020,21.0345
07/11/2020,20.7612
08/11/2020,20.7612
09/11/2020,20.7612
10/11/2020,20.6200
11/11/2020,20.3600
12/11/2020,20.4018
13/11/2020,20.5772
14/11/2020,20.5303
15/11/2020,20.5303
16/11/2020,20.5303
17/11/2020,20.5303
18/11/2020,20.4833
19/11/2020,20.3212
20/11/2020,20.2388
21/11/2020,20.1858
22/11/2020,20.1858
23/11/2020,20.1858
24/11/2020,20.1172
25/11/2020,20.1012
26/11/2020,20.0577
27/11/2020,20.0465
28/11/2020,20.0467
29/11/2020,20.0467
30/11/2020,20.0467
01/12/2020,20.0777
02/12/2020,20.1398
03/12/2020,20.0508
04/12/2020,20.0497
05/12/2020,19.9083
06/12/2020,19.9083
07/12/2020,19.9083
08/12/2020,19.7838
09/12/2020,19.8213
10/12/2020,19.7537
11/12/2020,19.8368
12/12/2020,19.9572
13/12/2020,19.9572
14/12/2020,19.9572
15/12/2020,20.1075
16/12/2020,20.1778
17/12/2020,20.1113
18/12/2020,19.9513
19/12/2020,19.8173
20/12/2020,19.8173
21/12/2020,19.8173
22/12/2020,19.9487
23/12/2020,20.0905
24/12/2020,20.0562
25/12/2020,20.1175
26/12/2020,20.1175
27/12/2020,20.1175
28/12/2020,20.1175
29/12/2020,19.8517
30/12/2020,20.0477
31/12/2020,19.9487
01/01/2021,19.9352
02/01/2021,19.9352
03/01/2021,19.9352
04/01/2021,19.9352
05/01/2021,19.9087
06/01/2021,19.8457
07/01/2021,19.9437
08/01/2021,19.7250
09/01/2021,19.9100
10/01/2021,19.9100
11/01/2021,19.9100
12/01/2021,19.9705
13/01/2021,20.1130
14/01/2021,19.9373
15/01/2021,19.7935
16/01/2021,19.7793
17/01/2021,19.7793
18/01/2021,19.7793
19/01/2021,19.7875
20/01/2021,19.7570
21/01/2021,19.6788
22/01/2021,19.5793
23/01/2021,19.7393
24/01/2021,19.7393
25/01/2021,19.7393
26/01/2021,19.9833
27/01/2021,20.1598
28/01/2021,20.0152
29/01/2021,20.2168
30/01/2021,20.2697
31/01/2021,20.2697
01/02/2021,20.2697
02/02/2021,20.2697
03/02/2021,20.2248
04/02/2021,20.1722
05/02/2021,20.1953
06/02/2021,20.4435
07/02/2021,20.4435
08/02/2021,20.4435
09/02/2021,20.1388
10/02/2021,20.1227
11/02/2021,20.0913
12/02/2021,20.0588
13/02/2021,19.9535
14/02/2021,19.9535
15/02/2021,19.9535
16/02/2021,19.9622
17/02/2021,19.9518
18/02/2021,20.2023
19/02/2021,20.2257
20/02/2021,20.4165
21/02/2021,20.4165
22/02/2021,20.4165
23/02/2021,20.4222
24/02/2021,20.6783
25/02/2021,20.5833
26/02/2021,20.4752
27/02/2021,20.8523
28/02/2021,20.8523
01/03/2021,20.8523
02/03/2021,20.9390
03/03/2021,20.6123
04/03/2021,20.6903
05/03/2021,20.8957
06/03/2021,20.8498
07/03/2021,20.8498
08/03/2021,20.8498
09/03/2021,21.2635
10/03/2021,21.4177
11/03/2021,21.2575
12/03/2021,20.9853
13/03/2021,20.7133
14/03/2021,20.7133
15/03/2021,20.7133
16/03/2021,20.7133
17/03/2021,20.7637
18/03/2021,20.5753
19/03/2021,20.6828
20/03/2021,20.4415
21/03/2021,20.4415
22/03/2021,20.4415
23/03/2021,20.4823
24/03/2021,20.5788
25/03/2021,20.6408
26/03/2021,20.7882
27/03/2021,20.7662
28/03/2021,20.7662
29/03/2021,20.7662
30/03/2021,20.5677
31/03/2021,20.6047
01/04/2021,20.6025
02/04/2021,20.6025
03/04/2021,20.6025
04/04/2021,20.6025
05/04/2021,20.6025
06/04/2021,20.4400
07/04/2021,20.2483
08/04/2021,20.1612
09/04/2021,20.1765
10/04/2021,20.0890
11/04/2021,20.0890
12/04/2021,20.0890
13/04/2021,20.1630
14/04/2021,20.0950
15/04/2021,20.0735
16/04/2021,20.0583
17/04/2021,19.9270
18/04/2021,19.9270
19/04/2021,19.9270
20/04/2021,19.9158
21/04/2021,19.8145
22/04/2021,19.8877
23/04/2021,19.8740
24/04/2021,19.8865
25/04/2021,19.8865
26/04/2021,19.8865
27/04/2021,19.8695
28/04/2021,19.8362
29/04/2021,19.9785
30/04/2021,19.9712
01/05/2021,20.0978
02/05/2021,20.0978
03/05/2021,20.0978
04/05/2021,20.1822
05/05/2021,20.1902
06/05/2021,20.2235
07/05/2021,20.2077
08/05/2021,20.1838
09/05/2021,20.1838
10/05/2021,20.1838
11/05/2021,19.9223
12/05/2021,19.8860
13/05/2021,19.8848
14/05/2021,20.0940
15/05/2021,20.0495
16/05/2021,20.0495
17/05/2021,20.0495
18/05/2021,19.8487
19/05/2021,19.8028
20/05/2021,19.8313
21/05/2021,19.8143
22/05/2021,19.8810
23/05/2021,19.8810
24/05/2021,19.8810
25/05/2021,19.9510
26/05/2021,19.8720
27/05/2021,19.8903
28/05/2021,19.8783
29/05/2021,19.9487
30/05/2021,19.9487
31/05/2021,19.9487
01/06/2021,19.9442
02/06/2021,19.9213
03/06/2021,19.8927
04/06/2021,19.9277
05/06/2021,20.0605
06/06/2021,20.0605
07/06/2021,20.0605
08/06/2021,19.9328
09/06/2021,19.7970
10/06/2021,19.7728
11/06/2021,19.6897
12/06/2021,19.7002
13/06/2021,19.7002
14/06/2021,19.7002
15/06/2021,19.8823
16/06/2021,19.9065
17/06/2021,20.1235
18/06/2021,20.0588
19/06/2021,20.4292
20/06/2021,20.4292
21/06/2021,20.4292
22/06/2021,20.7002
23/06/2021,20.6000
24/06/2021,20.5712
25/06/2021,20.2505
26/06/2021,20.0483
27/06/2021,20.0483
28/06/2021,20.0483
29/06/2021,19.7930
30/06/2021,19.8027
01/07/2021,19.8157
02/07/2021,19.9062
03/07/2021,20.0368
04/07/2021,20.0368
05/07/2021,20.0368
06/07/2021,19.8817
07/07/2021,19.8532
08/07/2021,19.9658
09/07/2021,19.9915
10/07/2021,20.0070
11/07/2021,20.0070
12/07/2021,20.0070
13/07/2021,19.8800
14/07/2021,19.8577
15/07/2021,19.9988
16/07/2021,19.8992
17/07/2021,19.9412
18/07/2021,19.9412
19/07/2021,19.9412
20/07/2021,19.8537
21/07/2021,20.0000
22/07/2021,20.1348
23/07/2021,20.1907
24/07/2021,20.1812
25/07/2021,20.1812
26/07/2021,20.1812
27/07/2021,20.0238
28/07/2021,20.0245
29/07/2021,19.9770
30/07/2021,19.9535
31/07/2021,19.8448
01/08/2021,19.8448
02/08/2021,19.8448
03/08/2021,19.8455
04/08/2021,19.8520
05/08/2021,19.8920
06/08/2021,19.9547
07/08/2021,19.9293
08/08/2021,19.9293
09/08/2021,19.9293
10/08/2021,20.0037
11/08/2021,20.0648
12/08/2021,20.1038
13/08/2021,19.9530
14/08/2021,19.8907
15/08/2021,19.8907
16/08/2021,19.8907
17/08/2021,19.8603
18/08/2021,19.8863
19/08/2021,19.9912
20/08/2021,20.0107
21/08/2021,20.1175
22/08/2021,20.1175
23/08/2021,20.1175
24/08/2021,20.4020
25/08/2021,20.3907
26/08/2021,20.2967
27/08/2021,20.2933
28/08/2021,20.3522
29/08/2021,20.3522
30/08/2021,20.3522
31/08/2021,20.2293
01/09/2021,20.1403
02/09/2021,20.0605
03/09/2021,19.9615
04/09/2021,19.9703
05/09/2021,19.9703
06/09/2021,19.9703
07/09/2021,19.8992
08/09/2021,19.8878
09/09/2021,19.9440
10/09/2021,19.9383
11/09/2021,19.9318
12/09/2021,19.9318
13/09/2021,19.9318
14/09/2021,19.8717
15/09/2021,19.8677
16/09/2021,19.9035
17/09/2021,19.9035
18/09/2021,19.9003
19/09/2021,19.9003
20/09/2021,19.9003
21/09/2021,19.9853
22/09/2021,20.1735
23/09/2021,20.1438
24/09/2021,20.0328
25/09/2021,20.0280
26/09/2021,20.0280
27/09/2021,20.0280
28/09/2021,20.1118
29/09/2021,20.1052
30/09/2021,20.3060
01/10/2021,20.4977
02/10/2021,20.5623
03/10/2021,20.5623
04/10/2021,20.5623
05/10/2021,20.5103
06/10/2021,20.5747
07/10/2021,20.5818
08/10/2021,20.6947
09/10/2021,20.6040
10/10/2021,20.6040
11/10/2021,20.6040
12/10/2021,20.7293
13/10/2021,20.8017
14/10/2021,20.7767
15/10/2021,20.6827
16/10/2021,20.6075
17/10/2021,20.6075
18/10/2021,20.6075
19/10/2021,20.4672
20/10/2021,20.3587
21/10/2021,20.2647
22/10/2021,20.1850
23/10/2021,20.2643
24/10/2021,20.2643
25/10/2021,20.2643
26/10/2021,20.1837
27/10/2021,20.1897
28/10/2021,20.1888
29/10/2021,20.1930
30/10/2021,20.3255
31/10/2021,20.3255
01/11/2021,20.3255
02/11/2021,20.5297
03/11/2021,20.5297
04/11/2021,20.8598
05/11/2021,20.8352
06/11/2021,20.6242
07/11/2021,20.6242
08/11/2021,20.6242
09/11/2021,20.3925
10/11/2021,20.3265
11/11/2021,20.2833
12/11/2021,20.4702
13/11/2021,20.4652
14/11/2021,20.4652
15/11/2021,20.4652
16/11/2021,20.4652
17/11/2021,20.5072
18/11/2021,20.8092
19/11/2021,20.6912
20/11/2021,20.7628
21/11/2021,20.7628
22/11/2021,20.7628
23/11/2021,20.8283
24/11/2021,20.9632
25/11/2021,21.2107
26/11/2021,21.4357
27/11/2021,21.5462
28/11/2021,21.5462
29/11/2021,21.5462
30/11/2021,21.8185
01/12/2021,21.7333
02/12/2021,21.4453
03/12/2021,21.2710
04/12/2021,21.3033
05/12/2021,21.3033
06/12/2021,21.3033
07/12/2021,21.4177
08/12/2021,21.2047
09/12/2021,21.0907
10/12/2021,20.9330
11/12/2021,21.0328
12/12/2021,21.0328
13/12/2021,21.0328
14/12/2021,20.8922
15/12/2021,20.9383
16/12/2021,21.1650
17/12/2021,21.2393
18/12/2021,20.9238
19/12/2021,20.9238
20/12/2021,20.9238
21/12/2021,20.7337
22/12/2021,20.7363
23/12/2021,20.7823
24/12/2021,20.7527
25/12/2021,20.6582
26/12/2021,20.6582
27/12/2021,20.6582
28/12/2021,20.6112
29/12/2021,20.6828
30/12/2021,20.5770
31/12/2021,20.5835
01/01/2022,20.5157
02/01/2022,20.5157
03/01/2022,20.5157
04/01/2022,20.4672
05/01/2022,20.5890
06/01/2022,20.4742
07/01/2022,20.3977
08/01/2022,20.4588
09/01/2022,20.4588
10/01/2022,20.4588
11/01/2022,20.4237
12/01/2022,20.4453
13/01/2022,20.3785
14/01/2022,20.3660
15/01/2022,20.3607
16/01/2022,20.3607
17/01/2022,20.3607
18/01/2022,20.3118
19/01/2022,20.3002
20/01/2022,20.4030
21/01/2022,20.4600
22/01/2022,20.4507
23/01/2022,20.4507
24/01/2022,20.4507
25/01/2022,20.4598
26/01/2022,20.6308
27/01/2022,20.6683
28/01/2022,20.6415
29/01/2022,20.7383
30/01/2022,20.7383
31/01/2022,20.7383
01/02/2022,20.8597
02/02/2022,20.6352
03/02/2022,20.5800
04/02/2022,20.6003
05/02/2022,20.5562
06/02/2022,20.5562
07/02/2022,20.5562
08/02/2022,20.5562
09/02/2022,20.7325
10/02/2022,20.6413
11/02/2022,20.5008
12/02/2022,20.4148
13/02/2022,20.4148
14/02/2022,20.4148
15/02/2022,20.4188
16/02/2022,20.4110
17/02/2022,20.3992
18/02/2022,20.3335
19/02/2022,20.2978
20/02/2022,20.2978
21/02/2022,20.2978
22/02/2022,20.3063
23/02/2022,20.2825
24/02/2022,20.2977
25/02/2022,20.2435
26/02/2022,20.6525
27/02/2022,20.6525
28/02/2022,20.6525
01/03/2022,20.4465
02/03/2022,20.4257
03/03/2022,20.5272
04/03/2022,20.7193
05/03/2022,20.7033
06/03/2022,20.7033
07/03/2022,20.7033
08/03/2022,20.9262
09/03/2022,21.1947
10/03/2022,21.3775
11/03/2022,20.9677
12/03/2022,20.9743
13/03/2022,20.9743
14/03/2022,20.9743
15/03/2022,20.9695
16/03/2022,20.8908
17/03/2022,20.8743
18/03/2022,20.7035
19/03/2022,20.5585
20/03/2022,20.5585
21/03/2022,20.5585
22/03/2022,20.5585
23/03/2022,20.4145
24/03/2022,20.2782
25/03/2022,20.1800
26/03/2022,20.1313
27/03/2022,20.1313
28/03/2022,20.1313
29/03/2022,19.9577
30/03/2022,20.1195
31/03/2022,19.9942
01/04/2022,19.8632
02/04/2022,19.9112
03/04/2022,19.9112
04/04/2022,19.9112
05/04/2022,19.8432
06/04/2022,19.7443
07/04/2022,19.9012
08/04/2022,20.0665
09/04/2022,20.1605
10/04/2022,20.1605
11/04/2022,20.1605
12/04/2022,20.1200
13/04/2022,20.0093
14/04/2022,19.8407
15/04/2022,19.8407
16/04/2022,19.8407
17/04/2022,19.8407
18/04/2022,19.8407
19/04/2022,19.7967
20/04/2022,19.9377
21/04/2022,20.0447
22/04/2022,20.0383
23/04/2022,20.1802
24/04/2022,20.1802
25/04/2022,20.1802
26/04/2022,20.3183
27/04/2022,20.2992
28/04/2022,20.3560
29/04/2022,20.4707
30/04/2022,20.5670
01/05/2022,20.5670
02/05/2022,20.5670
03/05/2022,20.3728
04/05/2022,20.4075
05/05/2022,20.3350
06/05/2022,20.2535
07/05/2022,20.2218
08/05/2022,20.2218
09/05/2022,20.2218
10/05/2022,20.1085
11/05/2022,20.3172
12/05/2022,20.3720
13/05/2022,20.2592
14/05/2022,20.3200
15/05/2022,20.3200
16/05/2022,20.3200
17/05/2022,20.1443
18/05/2022,20.0782
19/05/2022,19.9637
20/05/2022,19.9663
21/05/2022,19.9267
22/05/2022,19.9267
23/05/2022,19.9267
24/05/2022,19.8657
25/05/2022,19.8282
26/05/2022,19.8870
27/05/2022,19.8377
28/05/2022,19.7933
29/05/2022,19.7933
30/05/2022,19.7933
31/05/2022,19.5965
01/06/2022,19.4953
02/06/2022,19.6940
03/06/2022,19.7388
04/06/2022,19.5585
05/06/2022,19.5585
06/06/2022,19.5585
07/06/2022,19.5742
08/06/2022,19.5547
09/06/2022,19.5998
10/06/2022,19.5900
11/06/2022,19.6128
12/06/2022,19.6128
13/06/2022,19.6128
14/06/2022,19.9297
15/06/2022,20.4527
16/06/2022,20.6583
17/06/2022,20.6675
18/06/2022,20.5728
19/06/2022,20.5728
20/06/2022,20.5728
21/06/2022,20.4760
22/06/2022,20.2442
23/06/2022,20.1963
24/06/2022,20.0465
25/06/2022,20.0365
26/06/2022,20.0365
27/06/2022,20.0365
28/06/2022,19.8707
29/06/2022,19.8797
30/06/2022,19.9847
01/07/2022,20.1443
02/07/2022,20.1335
03/07/2022,20.1335
04/07/2022,20.1335
05/07/2022,20.3817
06/07/2022,20.2877
07/07/2022,20.5598
08/07/2022,20.7228
09/07/2022,20.6022
10/07/2022,20.6022
11/07/2022,20.6022
12/07/2022,20.4423
13/07/2022,20.7473
14/07/2022,20.7882
15/07/2022,20.7613
16/07/2022,20.9415
17/07/2022,20.9415
18/07/2022,20.9415
19/07/2022,20.6110
20/07/2022,20.3957
21/07/2022,20.4407
22/07/2022,20.4913
23/07/2022,20.6562
24/07/2022,20.6562
25/07/2022,20.6562
26/07/2022,20.5150
27/07/2022,20.4652
28/07/2022,20.4330
29/07/2022,20.5120
30/07/2022,20.3778
31/07/2022,20.3778
01/08/2022,20.3778
02/08/2022,20.3485
03/08/2022,20.2633
04/08/2022,20.5152
05/08/2022,20.6305
06/08/2022,20.3358
07/08/2022,20.3358
08/08/2022,20.3358
09/08/2022,20.4010
10/08/2022,20.2789
11/08/2022,20.2715
12/08/2022,19.9562
13/08/2022,19.9595
14/08/2022,19.9595
15/08/2022,19.9595
16/08/2022,19.8740
17/08/2022,19.8618
18/08/2022,19.9303
19/08/2022,20.0387
20/08/2022,20.0835
21/08/2022,20.0835
22/08/2022,20.0835
23/08/2022,20.1957
24/08/2022,20.1598
25/08/2022,19.9982
26/08/2022,19.9198
27/08/2022,19.9437
28/08/2022,19.9437
29/08/2022,19.9437
30/08/2022,19.9268
31/08/2022,19.9945
01/09/2022,20.1465
02/09/2022,20.0962
03/09/2022,20.2473
04/09/2022,20.2473
05/09/2022,20.2473
06/09/2022,19.9753
07/09/2022,19.9620
08/09/2022,20.1380
09/09/2022,20.0297
10/09/2022,20.0203
11/09/2022,20.0203
12/09/2022,20.0203
13/09/2022,19.9027
14/09/2022,19.7957
15/09/2022,20.0550
16/09/2022,19.9768
17/09/2022,19.9768
18/09/2022,19.9768
19/09/2022,19.9768
20/09/2022,20.0525
21/09/2022,19.9943
22/09/2022,20.0000
23/09/2022,20.0027
24/09/2022,19.9608
25/09/2022,19.9608
26/09/2022,19.9608
27/09/2022,20.1627
28/09/2022,20.3517
29/09/2022,20.3570
30/09/2022,20.3058
01/10/2022,20.1927
02/10/2022,20.1927
03/10/2022,20.1927
04/10/2022,20.0925
05/10/2022,20.0008
06/10/2022,19.9698
07/10/2022,20.1267
08/10/2022,20.1087
09/10/2022,20.1087
10/10/2022,20.1087
11/10/2022,20.0502
12/10/2022,19.9752
13/10/2022,19.9652
14/10/2022,20.0352
15/10/2022,20.0398
16/10/2022,20.0398
17/10/2022,20.0398
18/10/2022,20.0838
19/10/2022,19.9913
20/10/2022,20.0207
21/10/2022,20.1272
22/10/2022,20.0448
23/10/2022,20.0448
24/10/2022,20.0448
25/10/2022,19.9647
26/10/2022,19.9535
27/10/2022,19.8712
28/10/2022,19.8553
29/10/2022,19.8365
30/10/2022,19.8365
31/10/2022,19.8365
01/11/2022,19.8303
02/11/2022,19.8245
03/11/2022,19.8245
04/11/2022,19.7463
05/11/2022,19.6673
06/11/2022,19.6673
07/11/2022,19.6673
08/11/2022,19.5202
09/11/2022,19.4647
10/11/2022,19.4775
11/11/2022,19.5887
12/11/2022,19.3940
13/11/2022,19.3940
14/11/2022,19.3940
15/11/2022,19.5353
16/11/2022,19.4015
17/11/2022,19.3818
18/11/2022,19.3137
19/11/2022,19.4333
20/11/2022,19.4333
21/11/2022,19.4333
22/11/2022,19.4333
23/11/2022,19.4930
24/11/2022,19.4667
25/11/2022,19.3683
26/11/2022,19.3692
27/11/2022,19.3692
28/11/2022,19.3692
29/11/2022,19.3393
30/11/2022,19.3250
01/12/2022,19.2160
02/12/2022,19.3965
03/12/2022,19.1433
04/12/2022,19.1433
05/12/2022,19.1433
06/12/2022,19.3422
07/12/2022,19.7567
08/12/2022,19.8030
09/12/2022,19.6977
10/12/2022,19.6732
11/12/2022,19.6732
12/12/2022,19.6732
13/12/2022,19.6732
14/12/2022,19.8192
15/12/2022,19.6458
16/12/2022,19.6955
17/12/2022,19.7963
18/12/2022,19.7963
19/12/2022,19.7963
20/12/2022,19.7932
21/12/2022,19.7557
22/12/2022,19.7482
23/12/2022,19.6932
24/12/2022,19.5740
25/12/2022,19.5740
26/12/2022,19.5740
27/12/2022,19.4287
28/12/2022,19.3983
29/12/2022,19.4407
30/12/2022,19.4143
31/12/2022,19.3615
01/01/2023,19.3615
02/01/2023,19.3615
03/01/2023,19.4715
04/01/2023,19.4883
05/01/2023,19.4220
06/01/2023,19.3568
07/01/2023,19.3672
08/01/2023,19.3672
09/01/2023,19.3672
10/01/2023,19.1753
11/01/2023,19.1648
12/01/2023,19.1108
13/01/2023,19.0260
14/01/2023,18.8735
15/01/2023,18.8735
16/01/2023,18.8735
17/01/2023,18.7922
18/01/2023,18.7913
19/01/2023,18.7493
20/01/2023,18.7493
21/01/2023,19.0327
22/01/2023,19.0327
23/01/2023,19.0327
24/01/2023,18.9257
25/01/2023,18.8267
26/01/2023,18.8318
27/01/2023,18.8200
28/01/2023,18.8355
29/01/2023,18.8355
30/01/2023,18.8355
31/01/2023,18.7872
01/02/2023,18.7793
02/02/2023,18.7937
03/02/2023,18.7390
04/02/2023,18.6232
05/02/2023,18.6232
06/02/2023,18.6232
07/02/2023,18.6232
08/02/2023,18.8895
09/02/2023,19.0517
10/02/2023,18.9435
11/02/2023,18.9543
12/02/2023,18.9543
13/02/2023,18.9543
14/02/2023,18.6893
15/02/2023,18.6327
16/02/2023,18.5383
17/02/2023,18.6428
18/02/2023,18.5497
19/02/2023,18.5497
20/02/2023,18.5497
21/02/2023,18.4142
22/02/2023,18.3970
23/02/2023,18.3938
24/02/2023,18.3483
25/02/2023,18.4107
26/02/2023,18.4107
27/02/2023,18.4107
28/02/2023,18.4023
01/03/2023,18.4077
02/03/2023,18.3448
03/03/2023,18.1700
04/03/2023,18.1260
05/03/2023,18.1260
06/03/2023,18.1260
07/03/2023,18.0123
08/03/2023,18.0122
09/03/2023,18.1155
10/03/2023,17.9662
11/03/2023,18.0577
12/03/2023,18.0577
13/03/2023,18.0577
14/03/2023,18.4083
15/03/2023,18.8302
16/03/2023,18.6427
17/03/2023,18.9972
18/03/2023,18.9095
19/03/2023,18.9095
20/03/2023,18.9095
21/03/2023,18.9095
22/03/2023,18.8977
23/03/2023,18.6755
24/03/2023,18.5437
25/03/2023,18.4902
26/03/2023,18.4902
27/03/2023,18.4902
28/03/2023,18.5178
29/03/2023,18.3830
30/03/2023,18.2523
31/03/2023,18.1052
01/04/2023,18.0932
02/04/2023,18.0932
03/04/2023,18.0932
04/04/2023,18.0415
05/04/2023,18.1070
06/04/2023,18.1185
07/04/2023,18.1185
08/04/2023,18.1185
09/04/2023,18.1185
10/04/2023,18.1185
11/04/2023,18.3323
12/04/2023,18.1765
13/04/2023,18.1870
14/04/2023,18.0660
15/04/2023,18.0152
16/04/2023,18.0152
17/04/2023,18.0152
18/04/2023,18.0638
19/04/2023,18.0868
20/04/2023,18.0630
21/04/2023,18.0448
22/04/2023,18.0090
23/04/2023,18.0090
24/04/2023,18.0090
25/04/2023,17.9988
26/04/2023,18.0082
27/04/2023,18.0892
28/04/2023,18.1030
29/04/2023,18.0723
30/04/2023,18.0723
01/05/2023,18.0723
02/05/2023,18.0723
03/05/2023,17.9975
04/05/2023,18.0325
05/05/2023,17.9060
06/05/2023,17.9575
07/05/2023,17.9575
08/05/2023,17.9575
09/05/2023,17.7863
10/05/2023,17.8213
11/05/2023,17.7608
12/05/2023,17.5845
13/05/2023,17.6287
14/05/2023,17.6287
15/05/2023,17.6287
16/05/2023,17.6142
17/05/2023,17.5380
18/05/2023,17.4672
19/05/2023,17.5872
20/05/2023,17.7342
21/05/2023,17.7342
22/05/2023,17.7342
23/05/2023,17.6930
24/05/2023,17.8680
25/05/2023,17.9687
26/05/2023,17.8195
27/05/2023,17.8252
28/05/2023,17.8252
29/05/2023,17.8252
30/05/2023,17.6723
31/05/2023,17.5605
01/06/2023,17.6532
02/06/2023,17.7418
03/06/2023,17.5673
04/06/2023,17.5673
05/06/2023,17.5673
06/06/2023,17.5063
07/06/2023,17.4732
08/06/2023,17.4192
09/06/2023,17.3608
10/06/2023,17.4085
11/06/2023,17.4085
12/06/2023,17.4085
13/06/2023,17.2840
14/06/2023,17.3120
15/06/2023,17.2185
16/06/2023,17.1247
17/06/2023,17.1762
18/06/2023,17.1762
19/06/2023,17.1762
20/06/2023,17.0792
21/06/2023,17.0945
22/06/2023,17.2043
23/06/2023,17.1547
24/06/2023,17.1713
25/06/2023,17.1713
26/06/2023,17.1713
27/06/2023,17.1795
28/06/2023,17.1445
29/06/2023,17.1013
30/06/2023,17.0720
01/07/2023,17.1187
02/07/2023,17.1187
03/07/2023,17.1187
04/07/2023,17.1358
05/07/2023,17.0517
06/07/2023,17.0260
07/07/2023,17.0040
08/07/2023,17.2825
09/07/2023,17.2825
10/07/2023,17.2825
11/07/2023,17.1012
12/07/2023,17.0605
13/07/2023,17.0783
14/07/2023,16.8537
15/07/2023,16.8905
16/07/2023,16.8905
17/07/2023,16.8905
18/07/2023,16.7892
19/07/2023,16.7858
20/07/2023,16.7480
21/07/2023,16.7667
22/07/2023,16.8460
23/07/2023,16.8460
24/07/2023,16.8460
25/07/2023,16.9393
26/07/2023,16.8367
27/07/2023,16.9075
28/07/2023,16.8825
29/07/2023,16.7338
30/07/2023,16.7338
31/07/2023,16.7338
01/08/2023,16.6895
02/08/2023,16.7303
03/08/2023,16.8533
04/08/2023,17.0193
05/08/2023,17.2892
06/08/2023,17.2892
07/08/2023,17.2892
08/08/2023,17.0555
09/08/2023,17.0608
10/08/2023,17.1122
11/08/2023,17.0767
12/08/2023,16.9548
13/08/2023,16.9548
14/08/2023,16.9548
15/08/2023,17.0045
16/08/2023,17.0672
17/08/2023,17.1388
18/08/2023,17.0768
19/08/2023,17.1225
20/08/2023,17.1225
21/08/2023,17.1225
22/08/2023,17.0477
23/08/2023,17.0202
24/08/2023,16.9267
25/08/2023,16.8077
26/08/2023,16.8090
27/08/2023,16.8090
28/08/2023,16.8090
29/08/2023,16.7718
30/08/2023,16.7432
31/08/2023,16.8402
01/09/2023,16.7477
02/09/2023,16.9170
03/09/2023,16.9170
04/09/2023,16.9170
05/09/2023,17.1113
06/09/2023,17.1750
07/09/2023,17.3492
08/09/2023,17.5805
09/09/2023,17.5543
10/09/2023,17.5543
11/09/2023,17.5543
12/09/2023,17.5767
13/09/2023,17.3813
14/09/2023,17.2553
15/09/2023,17.1235
16/09/2023,17.1042
17/09/2023,17.1042
18/09/2023,17.1042
19/09/2023,17.0807
20/09/2023,17.1307
21/09/2023,17.0805
22/09/2023,17.0240
23/09/2023,17.1675
24/09/2023,17.1675
25/09/2023,17.1675
26/09/2023,17.1568
27/09/2023,17.3733
28/09/2023,17.4758
29/09/2023,17.7287
30/09/2023,17.6195
01/10/2023,17.6195
02/10/2023,17.6195
03/10/2023,17.4127
04/10/2023,17.5920
05/10/2023,17.9025
06/10/2023,18.0170
07/10/2023,18.2407
08/10/2023,18.2407
09/10/2023,18.2407
10/10/2023,18.1837
11/10/2023,18.3482
12/10/2023,17.9917
13/10/2023,17.8420
14/10/2023,17.9132
15/10/2023,17.9132
16/10/2023,17.9132
17/10/2023,18.0362
18/10/2023,17.9568
19/10/2023,17.9097
20/10/2023,18.2440
21/10/2023,18.2873
22/10/2023,18.2873
23/10/2023,18.2873
24/10/2023,18.2343
25/10/2023,18.1218
26/10/2023,18.2842
27/10/2023,18.3122
28/10/2023,18.2178
29/10/2023,18.2178
30/10/2023,18.2178
31/10/2023,18.0752
01/11/2023,18.0640
02/11/2023,18.0368
03/11/2023,18.0368
04/11/2023,17.9305
05/11/2023,17.9305
06/11/2023,17.9305
07/11/2023,17.4117
08/11/2023,17.5308
09/11/2023,17.5097
10/11/2023,17.5017
11/11/2023,17.4888
12/11/2023,17.4888
13/11/2023,17.4888
14/11/2023,17.7480
15/11/2023,17.6138
16/11/2023,17.3917
17/11/2023,17.3387
18/11/2023,17.2708
19/11/2023,17.2708
20/11/2023,17.2708
21/11/2023,17.2708
22/11/2023,17.2175
23/11/2023,17.2102
24/11/2023,17.2133
25/11/2023,17.1787
26/11/2023,17.1787
27/11/2023,17.1787
28/11/2023,17.1268
29/11/2023,17.1555
30/11/2023,17.1357
01/12/2023,17.1870
02/12/2023,17.3730
03/12/2023,17.3730
04/12/2023,17.3730
05/12/2023,17.2143
06/12/2023,17.4060
07/12/2023,17.4215
08/12/2023,17.2685
09/12/2023,17.4197
10/12/2023,17.4197
11/12/2023,17.4197
12/12/2023,17.3688
13/12/2023,17.3688
14/12/2023,17.4470
15/12/2023,17.3980
16/12/2023,17.2990
17/12/2023,17.2990
18/12/2023,17.2990
19/12/2023,17.1908
